{
  "metadata": {
    "timestamp": "2025-08-13T13:38:49.000613",
    "total_runs_per_endpoint": 1,
    "total_endpoints_tested": 6
  },
  "summary": {
    "overall_avg_response_time_ms": 2834.386388460795,
    "budget_violations": 1,
    "total_errors": 0
  },
  "budget_violations": [
    {
      "endpoint": "analytics_indicators",
      "p95_ms": 16971.129179000854,
      "budget_ms": 2000,
      "violation_percent": 748.5564589500427
    }
  ],
  "detailed_results": {
    "auth_login": {
      "endpoint": "auth_login",
      "url": "/api/v1/auth/login/",
      "method": "POST",
      "budget_ms": 500,
      "runs": 1,
      "errors": 0,
      "response_time_ms": {
        "min": 24.060726165771484,
        "max": 24.060726165771484,
        "mean": 24.060726165771484,
        "median": 24.060726165771484,
        "p95": 24.060726165771484,
        "p99": 24.060726165771484
      },
      "database": {
        "avg_query_count": 0,
        "max_query_count": 0,
        "avg_query_time_ms": 0,
        "max_query_time_ms": 0
      }
    },
    "auth_refresh": {
      "endpoint": "auth_refresh",
      "url": "/api/v1/auth/refresh/",
      "method": "POST",
      "budget_ms": 300,
      "runs": 1,
      "errors": 0,
      "response_time_ms": {
        "min": 1.295328140258789,
        "max": 1.295328140258789,
        "mean": 1.295328140258789,
        "median": 1.295328140258789,
        "p95": 1.295328140258789,
        "p99": 1.295328140258789
      },
      "database": {
        "avg_query_count": 0,
        "max_query_count": 0,
        "avg_query_time_ms": 0,
        "max_query_time_ms": 0
      }
    },
    "api_health": {
      "endpoint": "api_health",
      "url": "/api/v1/health/",
      "method": "GET",
      "budget_ms": 200,
      "runs": 1,
      "errors": 0,
      "response_time_ms": {
        "min": 0.7245540618896484,
        "max": 0.7245540618896484,
        "mean": 0.7245540618896484,
        "median": 0.7245540618896484,
        "p95": 0.7245540618896484,
        "p99": 0.7245540618896484
      },
      "database": {
        "avg_query_count": 0,
        "max_query_count": 0,
        "avg_query_time_ms": 0,
        "max_query_time_ms": 0
      }
    },
    "stocks_list": {
      "endpoint": "stocks_list",
      "url": "/api/v1/stocks/",
      "method": "GET",
      "budget_ms": 1000,
      "runs": 1,
      "errors": 0,
      "response_time_ms": {
        "min": 4.015684127807617,
        "max": 4.015684127807617,
        "mean": 4.015684127807617,
        "median": 4.015684127807617,
        "p95": 4.015684127807617,
        "p99": 4.015684127807617
      },
      "database": {
        "avg_query_count": 0,
        "max_query_count": 0,
        "avg_query_time_ms": 0,
        "max_query_time_ms": 0
      }
    },
    "portfolio_list": {
      "endpoint": "portfolio_list",
      "url": "/api/v1/portfolio/",
      "method": "GET",
      "budget_ms": 800,
      "runs": 1,
      "errors": 0,
      "response_time_ms": {
        "min": 5.092859268188477,
        "max": 5.092859268188477,
        "mean": 5.092859268188477,
        "median": 5.092859268188477,
        "p95": 5.092859268188477,
        "p99": 5.092859268188477
      },
      "database": {
        "avg_query_count": 0,
        "max_query_count": 0,
        "avg_query_time_ms": 0,
        "max_query_time_ms": 0
      }
    },
    "analytics_indicators": {
      "endpoint": "analytics_indicators",
      "url": "/api/v1/indicators/",
      "method": "GET",
      "budget_ms": 2000,
      "runs": 1,
      "errors": 0,
      "response_time_ms": {
        "min": 16971.129179000854,
        "max": 16971.129179000854,
        "mean": 16971.129179000854,
        "median": 16971.129179000854,
        "p95": 16971.129179000854,
        "p99": 16971.129179000854
      },
      "database": {
        "avg_query_count": 0,
        "max_query_count": 0,
        "avg_query_time_ms": 0,
        "max_query_time_ms": 0
      }
    }
  }
}